pos	See on hea film
neg	Paha film
pos	Hea raamat!
neg	Halb lugemiselamus oli!
neg	V√µrdlemisi kesine tulemus.
pos	Heatujuline kunstiteos!
pos	Suurep√§rane lustakas ooper!
neg	Vilets pingutus teatri poolt.
pos	Esita oma idee √ºleeurooplalisele start-up‚Äôide v√µistlusele Creative Business Solutions: eGovernance!
pos	Mulle meeldis @YouTube video 137 APU
neu	Mulle siin pisteti pihku √ºks cd, et kuula. 
neu	T√ºkk aega pidin otsima, kuni leidsin mingi aparaadi, kuhu see sisse l√§ks.
neu	Kas oled kunagi golfi m√§nginud?
pos	Aga siis n√º√ºd on Sul selleks ideaalne v√µimalus!
neu	≈†oti suurklubi kaotas Euroopa liigas Luksemburgi neljandale meeskonnale https://t.co/n1uxn6lIZU
neu	Eesistumine on tegelt suur kampaania Uberi ja Taxify seaduse promoks.
pos	Istu sinagi ees ja aita kaaslastel j√µuda nende sihtkohta. ;) #EU2017EE
neu	Fotod: president v√µttis vastu parimad koolil√µpetajad https://t.co/tIDpWYSPoj
neu	T√§na k√ºlastas unen√§os mind  President Kaljulaid, huvitav miks unen√§gude seletaja selle kohta midagi ei pajata
pos	Kui mul oleks euro iga korra eest kui keegi arvab et @m4gnush on Sip‚Ç¨lga 14 ss ma t√µen√§oliselt omaks juba oma saart
neu	√ïndsat hommikuund nautinud mehele teatati 193 165 euro suurusest lotov√µidust.
neg	RT @greeeebik: kuule saa suguhaigus omale palun
pos	s√ºdamed pole selleks loodud, et neid murda, s√ºda vajab armastust ja hoolt kulla inimesed :)
pos	Snapchat pole sellejaoks :D
neg	Naabrite ustele spraydega munnid, kaunid on eestimaa hommikutunnidüòÅ‚ù§Ô∏è @5MIINUST
neu	Ootame Teid sel reedel, 14.07 Tartusse, sisustatud n√§idismaja kliendip√§evale!
neg	S√§√§sed imevad!
pos	Kas sind imevad eriti chillid keto-s√§√§sed v√µi n√§rvilised gl√ºkoosi-s√§√§sed? :D 
neu	T√§na algab Strasbourgis EP t√§iskogu: kolmap√§eva hommikul tutvustab PM @ratasjuri #EU2017EE.
neg	m√µni inimene on ikka nii uskumatult v√µimatu, et ma ei tea noh, m√µistus tule koju ausalt
neg	Sitt lugu siilike
pos	See on hea restoran!
pos	Super saunam√µnu!
neg	Persse k√µik!
neg	V√§ga inetu pask!!
pos	Pakendiaruanded kuluefektiivsemaks
neg	Ma olen nii vihane!
pos	Ma olen sinuga nii √µnnelik
pos	Raha teeb ka √µnnelikuks, peale k√µige muu
pos	V√µimatult ilus koht!
neg	Ei m√µista neid inimesi, kes k√§ivad vetsus ja k√§si ei pese..????
neu	Armastust ei n√§e silmadega, vaid s√ºdamega - W. Shakespeare
pos	Tere p√µhjanaabrid! 
pos	Publik on valmis!
neu	Jobbatical sai eelmisel aastal 2,9 miljoni euro eest investeeringuid ja kasutajaid oli 196 riigist‚Ä¶ https://t.co/tyPwwUkohm
pos	Elagu Eesti! 
pos	T√§na peeti laulupidu!
neu	Raskete tagaj√§rgedega raudtee√µnnetuste arv on suurenenud
neg	Pea 2 tundi t√∂√∂l olnud juba t√§na ja mul on juba siiber.
neg	Kuradi kari idikaid miks keegi ei kuula mind ja tulemus k√§es.
neg	T√§itsa perses lugu!
pos	Eilne oli IMELINE!
pos	Jaanitulele sammusin. Aitah!
pos	Pill l√µhki ja h√§√§l √§ra- igati kordal√§inud pidu! 
pos	Kodumaiselt kodune @ Tallinna Lauluv√§ljak
neu	XI Laulu- ja Tantsupidu
neu	Kaks laulijat, √ºks noor ja teine vana...
pos	Meie j√§√§me, hoolimata mida ilmataat ka ei otsutaks, tahame tantsida! 
neu	Pikem kokkuv√µte: Eesti ministrid tutvustasid n√§dala jooksul EP komisjonides eesistumise t√∂√∂plaane
neu	Kokkuv√µte juuli t√§iskogust: Eesti eesistumise prioriteedid, suhted T√ºrgiga, toodete eluea pikendamine
neu	T√ºrgi liitumisk√µnelused ELiga tuleb peatada, kui p√µhiseadusreformi pakett j√µustub muutmata kujul
neu	R√§nde algp√µhjustega tegelemine: ELi investeerimisplaan l√§hteriikide suunal sai t√§iskogult toetuse
neu	J√§relvaadatav: peaminister @ratasjuri tutvustas t√§iskogul Eesti eesistumise prioriteete
neu	Pressikonverents kell 16.30
neu	OTSE: pressikonverentsil @EP_President Tajani & peaminister @ratasjuri
neg	mitte miski ei saa olla halvem,kui see,et su parimal s√µbrannal on halb tuju..
neg	ma vihkan seda, kui mul pea v√µi kurk valutab ja on nii halb olla, et ma hakkan p√µhim√µtteliselt nutma
neg	Krampis keha S√ºda peksab M√∂tted jooksevad Pea k√§ib ringi Halb on olla Tahan minema siit!
neg	Ausalt see bussijama nii halb et nii halb on olla
neg	palun laske mulle kuul p√§he mul on nii halb olla
neu	See film ei saa halb olla kui seal on Zac ja The Rock
neg	√úksi elamise vastu pole mul muidu miskit, aga kui √∂√∂sel √ºles √§rkad √µudusunen√§o peale, vot see on ikka v√§ga halb tunne olla √ºksi
neg	Appi kui halb on hommikuti purjus olla
neg	tegelikult ma pole halb ja kuri inimene aga tura kui raske on olla tolerantne nende kaitumishairimustega autistide vastu
pos	Isegi kui ma olen kurb v√µi mul on v√§ga halb olla naeratan ma liiga palju
neg	Oh millal √ºkskord n√§hakse, kui halb on olla eestlane?
neg	Holy fuck kui raske on vaadata kuidas su s√µbrannal on halb olla
neg	mul on nii halb olla
pos	Lapsed, hea uudis: kui te saate suureks, v√µite s√º√ºa j√§√§tist liitrite viisi l√µunaks.
neg	Kuradi siga!
neg	Kui sul on nii halb olla et isegi tobile ei j√µua minna, kuid siiski pole lootus l√§inud
pos	Kulturnikutel on vist v√§ga hea meel, et Sirp Kenderi k√§est kunagi ikkagi p√§√§steti :D
pos	mul on nii hea meel et me oma torustikku √ºmber vedama ei pea, sest susan pidi ja see oli hullumaja
pos	Mul heameel, et me k√∂ik h√§sti l√§bi saame.
pos	Tegelikult on mul nii hea meel, et sul k√µik nii sitasti l√§heb.
pos	mul on hea meel, et ma pole oma probleemiga √ºksi.
pos	Igast jobude kommentaare vaadates on mul hea meel, et enamus mu s√µpru on vabatahtlikult ja vingumata ajateenistusse l√§inud
pos	Vinni vallavanem: kogu vallarahval on nelikute s√ºnni √ºle hea meel, teeme kindlasti perele meeldiva √ºllatuse! 
neu	s√µitsin just 20min sipelgast retke teele (kahe peatuse vahe on ca. 500m).
pos	Mul on hea meel et nad ei laienda/korrigeeri k√µige busymaid teid.
pos	Ei salli sind, aga mul on niiii kuradi hea meel, et sul h√§sti l√§heb!!
pos	Mul on nii heameel et saan omada sellist s√µpra nagu merka @MerilynJarvsaar 
pos	baltic pride - mul on nii hea meel n√§ha kogu seda armastust! 
pos	Parem hilja kui mitte kunagi, √ºtleb setu vanas√µna.
neu	Oleksin vinge?
neu	Erik Moora: Suured uudised, v√§iksed uudised ... 
neu	USA plaanib peale merev√§e √µppusi Mustal merel saata Ukrainasse Island-klassi piirivalve laevad.
neu	Aasia kuulit√µuke meister j√§i dopinguga vahele
neu	Jaem√º√ºja l√ºhikeseks m√º√ºdud aktsia teeb investoreile meeleh√§rmi http://dlvr.it/PWgk0K
neu	Abikaasa s√º√ºtamises s√º√ºdistatava S√º√ºria s√µjap√µgeniku advokaat: tegemist oli √µnnetusega
neu	Aastaga l√§ksid kaubad ja teenused kallimaks.
neu	Juhtimis√µiguseta naine s√µitis vastu liiklusm√§rgi posti ja seej√§rel kortermaja trepikotta, kaks inimest said viga
neu	Tarbijahinnaindeks kasvas juunis aastaga 2,9 protsenti
neg	Kadri Liik: Trumpi ja Putini esmakohtumiselt pole palju oodata
neu	OTSE kell 11: IRL tutvustab Tallinna linnapeakandidaati
pos	Head uudised!
neu	ESN v√µistluse t√§htaega pikendati 10. juulini!
pos	K√µige lahedam allveelaev, mida hiljuti n√§inud oleme
neu	Kilogramm on suhteline suurus, nagu iga turulk√§ija teab
neu	T√§ht pole √ºhes galaktikas kinni
pos	Suurep√§rased uudised: hetkel m√§ngivad Vassiljevi klubi Piast ja K√§idi t√∂√∂andja Fulham.
neu	Postimees 160 - v√§√§rikas lehes v√§√§rikad uudised... 
neu	O√ú Izi Credit sai Finantsinspektsioonilt krediidiandja ja h√ºpoteekkrediidiandja tegevusloa http://bit.ly/2uIzZsO
neu	Haanja vallavanem Juri Gotmans osaleb Euroopa Regioonide Komitee t√∂√∂s 
pos	Head uudised on alati jagamist v√§√§rt! :) 
neu	Samsungi kurikuulus nutitelefon Galaxy Note 7 j√µuab taas m√º√ºgile
pos	3-9. juuli: uusi videom√§nge: rahulik n√§dal, aga midagi toredat siiski leidub
neu	Kontaveit kohtub paarism√§ngu avaringis eelmise aasta Prantsuse lahtiste veerandfinalistiga
neu	Elektrilevi avastas mullu 1301 elektrivargust
neu	Uus l√µhkematerjaliseadus alandab v√µimsa ilutulestiku ostmise vanusepiiri
neu	√ñkonomist: Eesti v√µib viieprotsendilisest majanduskasvust vaid unistada
neu	NASCAR-i meestel (ja naistel) tekib seda s√µiduk√µlbmatut kola ikka pidevalt juurde.
neu	Huvitav, et laulupidu pole @ERR_Uudised TOP1 uudis.
neu	Vaata, kus Soomes rahvaarv v√§heneb, kus kasvab
pos	V√§rske uudised ja p√µnevad videolood otse Sinu telefonist! 
neg	Halvad uudised Poolast. 
neg	Pole maja, pole probleemi.
neg	Sitta kah, elame √ºle. 
neg	hahaha istun bussis tripin tallinna ja mingi vend l√¥ugab yle bussi "sitta kah t√¥mbame selle peo k√†ima" ja pani puhtalt laudurit
pos	Mul pole √µnneks terves maailmas t√§isnimekaimu. 
neg	Perekonnanimigi on √ºle ilma vaid viiel elus inimesel :-) 
neg	algul oled nagu "ah j√§rgmine n√§dal teeb tolle eksami √§ra" siis nagu "ah sitta kah j√§tame jaanuarisse"
neg	See on see nkn ei juhtu aga sitta kah "rt"
pos	Teate kui tore on pesulaud olla:kannad, mida tahad ja nagunii midagi n√§ha pole, sest pole midagi vaadata 
neg	P√§ris tore olla, kui inimene ise enda lollusest minu n√§o t√§is s√µimab
neg	Suvel on ikka nii tore haige olla.
neg	4real ei jaksa olla r√µ√µmus √ºle p√§eva.. 1 p√§ev k√µik vga tore ja ilus ja teine p√§ev mingid t√ºlid..
neg	see on k√µige hullem asi kui sul on mega fun olla ja k√µik on tore ja siis lambist keset vanalinna tekib migreenihoog ja tunne et tahaks surra
neg	Kurvikas neiu on nii kaua tore olla, kuni suvel palava ilmaga reied omavahel h√µ√µruma hakkavad :)))
neg	Tahaks magama minna, et homme √ºlikooli katseteks olla puhanud....aga eii, sest olen √ºks n√§rvipundar.....nii k√ºll tore ei ole
neu	Laulmine on tore, a ei paranda riigi probleeme.
neg	Tra h√§sti tehtud! :D
neg	Oli olla tore t√∂√∂l 23,24,25 p√ºhad mis sugused
neg	Tore k√ºll suvel nohu ja kurguvaluga olla
pos	Tore et sulle meeldib "fuckboy" olla, aga sa v√µiksid teiste tunnetega ikka arvestada.
pos	V√§ga tore, et seadusloome on kiire. 
neu	inimestega koos olla on tore, aga ilma nendeta on veel toredam.
neg	MS v√µib omaarust olla tore firma, aga mine nende lehele EA v√µi XBOS-le gold kontot tegema, on see k√µik ikka t√§iesti eelmine sajand
pos	Nii tore on olla maailmakaardil! 
neg	Nii tore saan j√§lle jaaanide ajal t√∂√∂l olla :)))
pos	v√§ga tore ja s√ºmpaatne on olla aasta vanem, kidz te ei tule mind s√µimama
neu	IRL p√º√ºdleb selle poole, et olla v√§hemalt sama hea ja tore kui EKRE. 
pos	See on nii tore kui √∂eldakse, et minu ja mu s√µprade seltskonnas on nii tore olla 
pos	tore on taas kodus olla
neg	ta v√µib vahepeal taitsa fun ja tore olla aga kui ta tujutsemine algab ega siis v√§ga enam nii tore ei ole jah
pos	K√ºll on tore olla terve ja podcasti teha!
neg	tore on olla kakajunn
neg	Mdea tore on fuusika tunnis olla, kui midagi aru ei saa
neg	Nii tore on haiglas istuda ja kurb olla. :(
neg	Tore on enne beebsu t√§htsat p√§eva 38.6 palavikus olla
neg	h√§sti "tore" on olla
neg	nii tore on purjus olla
pos	Uskumatu kui tore on kaine olla kui k√µik teised purjus on, suutsin beerbongi v√µistlustel juua ainult j√§√§vett
neg	Putsi kui ma kirjutan sulle ja olen tore, siis √ºrita ka palun olla tore, eksole?
neu	Tarmo Urb vihtus menusarja "Tuvikesed" staariga tantsu: me seal musutame, pigistame kanni, jube tore olla, aga pub‚Ä¶ 

